image order,Id,Nome da Imagem
1,1,bruna_tavares_bt_skin_f10_1.png
1,149,mac_powder_kiss_mull_it_over_1.png
1,150,avon_ultramatte_nude_rosé_1.png
1,151,mac_satin_twig_1.png
1,152,mac_matte_chili_1.png
1,153,bruna_tavares_bt_lux_lana_1.png
1,154,mac_matte_velvet_teddy_1.png
1,155,natura_cc_hidratante_nude_2c_1.png
1,156,mac_amplified_fast_play_1.png
1,157,essence_perfect_shine_n°_5_1.png
1,158,mac_satin_cherish_1.png
1,159,natura_extremo_conforto_marrom_1c_1.png
1,160,mac_retro_matte_ruby_woo_1.png
1,161,bruna_tavares_bt_lux_ana_1.png
1,162,jequiti_mattefix_vermelho_irresistivel_1.png
1,163,mac_cremesheen_creme_in_your_coffee_1.png
1,164,avon_utra_8_em_1_nude_médio_1.png
1,165,bauny_bala_50_1.png
1,166,rare_beauty_lip_oil_soft_pinch_tinted_serenity_1.png
1,167,natura_gel_lip_stain_una_rose_1.png
1,168,maybelline_superstay_matte_ink_pioneer_1.png
1,169,eudora_niina_secrets_skinny_matte_vermelho_hibisco_1.png
1,170,fenty_beauty_gloss_bomb_fenty_glow_1.png
1,171,eudora_niins_secrets_gloss_crystal_topázio_1.png
1,172,o_boticário_intense_120_1.png
1,173,eudora_microplastia_nude_rosado_1.png
1,174,eudora_soul_kiss_me_tapete_vermelho_1.png
1,175,oceane_lipstick_matte_real_red_1.png
1,176,ruby_kisses_ruby_kisses_matte_kiss_red_1.png
1,177,
1,,
2,,
3,,
4,,
5,,
6,,
7,,
8,,
9,,
10,,
11,,
12,,
13,,
14,,
15,,
16,,
17,,
18,,
19,,
20,,
21,,
22,,
23,,
24,,
25,,
26,,
27,,
28,,
29,,
30,,
31,,
32,,
33,,
34,,
35,,
36,,
37,,
38,,
39,,
40,,
41,,
42,,
43,,
44,,
45,,
46,,
47,,
48,,
49,,
50,,
51,,
52,,
53,,
54,,
55,,
56,,
57,,
58,,
59,,
60,,
61,,
62,,
63,,
64,,
65,,
66,,
67,,
68,,
69,,
70,,
71,,
72,,
73,,
74,,
75,,
76,,
77,,
78,,
79,,
80,,
81,,
82,,
83,,
84,,
85,,
86,,
87,,
88,,
89,,
90,,
91,,
92,,
93,,
94,,
95,,
96,,
97,,
98,,
99,,
100,,
101,,
102,,
103,,
104,,
105,,
106,,
107,,
108,,
109,,
110,,
111,,
112,,
113,,
114,,
115,,
116,,
117,,
118,,
119,,
120,,
121,,
122,,
123,,
124,,
125,,
126,,
127,,
128,,
129,,
130,,
131,,
132,,
133,,
134,,
135,,
136,,
137,,
138,,
139,,
140,,
141,,
142,,
143,,
144,,
145,,
146,,
147,,
148,,
149,,
150,,
151,,
152,,
153,,
154,,
155,,
156,,
157,,
158,,
159,,
160,,
161,,
162,,
163,,
164,,
165,,
166,,
167,,
168,,
169,,
170,,
171,,
172,,
173,,
174,,
175,,
176,,
177,,
178,,
179,,
180,,
181,,
182,,
183,,
184,,
185,,
186,,
187,,
188,,
189,,
190,,
191,,
192,,
193,,
194,,
195,,
196,,
197,,
198,,
199,,
200,,
201,,
202,,
203,,
204,,
205,,
206,,
207,,
208,,
209,,
210,,
211,,
212,,
213,,
214,,
215,,
216,,
217,,
218,,
219,,
220,,
221,,
222,,
223,,
224,,
225,,
226,,
227,,
228,,
229,,
230,,
231,,
232,,
233,,
234,,
235,,
236,,
237,,
238,,
239,,
240,,
241,,
242,,
243,,
244,,
245,,
246,,
247,,
248,,
249,,
250,,
251,,
252,,
253,,
254,,
255,,
256,,
257,,
258,,
259,,
260,,
261,,
262,,
263,,
264,,
265,,
266,,
267,,
268,,
269,,
270,,
271,,
272,,
273,,
274,,
275,,
276,,
277,,
278,,
279,,
280,,
281,,
282,,
283,,
284,,
285,,
286,,
287,,
288,,
289,,
290,,
291,,
292,,
293,,
294,,
295,,
296,,
297,,
298,,
299,,
300,,
301,,
302,,
303,,
304,,
305,,
306,,
307,,
308,,
309,,
310,,
311,,
312,,
313,,
314,,
315,,
316,,
317,,
318,,
319,,
320,,
321,,
322,,
323,,
324,,
325,,
326,,
327,,
328,,
329,,
330,,
331,,
332,,
333,,
334,,
335,,
336,,
337,,
338,,
339,,
340,,
341,,
342,,
343,,
344,,
345,,